Id,FirstName,LastName,Subject,RoomNumber
51d98163-4e25-420d-b530-fcf9b84e583e,Marisa,Jast,Chemistry,F634
4dbbe99e-7b1c-4ef0-a3b5-9cb6d1556ef7,Dandre,Lockman,English,W789
043c2c56-39e5-4fb5-a5bc-140411399476,Keyon,Adams,Math,S727
b635ede6-c582-4850-a3d9-5825af931b95,Sandra,Bahringer,History,X419
fc6dfb8c-f206-4cfc-9217-b89aa43f80c7,Elva,Predovic,Chemistry,V741
6aef9c65-200f-49b2-b38f-bbc40f465a81,Nina,Corkery,Chemistry,B168
a67d38e4-8625-4a00-811c-c2c1e9a88a9e,Reta,Metz,Math,Z064
a6e74fc0-757f-4b4b-9396-db1938f3b73c,Vita,Swaniawski,Chemistry,S658
1de30808-ade4-4f5f-86a8-d4fdd57165f9,Alana,Gibson,Math,P280
ac518176-f76d-4144-8b14-78a25bbe0eff,Augusta,Bartoletti,Geography,R348
7ed8c3a0-0ec9-41fe-bdae-705b18fb17fb,Cooper,Emard,History,F785
407b81d9-5996-41ea-8b22-b129e5b6fa8c,Lance,Braun,Biology,M683
3e4ead6d-27cc-428f-ae68-4bdb4c6387e0,Trever,Satterfield,History,D972
aafb76ab-4796-4f88-a3d2-6c04e8cb8fe9,Alta,Pollich,Chemistry,T952
2ce17127-622f-4678-9edd-882fae6ce2e9,Jaylan,Rogahn,Biology,B878
0993a2c1-aed7-4f24-8941-f087875a1452,Celestino,Leannon,Chemistry,Z966
4873d81e-3026-4c70-a6b5-3ae760ca7b46,Chadrick,Kiehn,Chemistry,D889
d9c2d18b-d4f7-4025-8f99-fa632c9cdb3c,Cassandra,Dickens,Biology,N692
89a1c38e-d86a-4508-9ffa-443cec35fd5a,Nestor,Mueller,Biology,W275
919023a2-cace-4ff8-b5ea-49e76bef1823,Keshawn,Schaefer,Biology,U591
8f7af8d7-7e31-444f-aa1c-e0ad53a2d8a8,Sydnie,Schamberger,Biology,D618
7196c9d0-3353-4955-a7fc-f433bb85ddf8,Moses,Dickens,Biology,F906
b9c6001b-624f-4d48-afa5-02cf6ec9224e,Daphney,Lebsack,Geography,I651
bce61f6d-ebd5-42e4-8627-a62f07562c34,Gilberto,Schaden,Geography,V503
5e92cec0-1893-4c38-9876-53e0074bb36b,Jaeden,Breitenberg,Biology,T387
173c5cd1-1850-40cb-b342-941deb58cf07,Brice,Will,History,I246
a4ee82c8-de04-4a63-b21f-6d801fcebbc4,Josephine,McGlynn,History,Q279
a2efbea7-1319-4a78-a4a8-675e95a2d05d,Kolby,Buckridge,Chemistry,S028
d00b331e-a480-4181-8a53-2c7ae99b416d,Adelbert,Lubowitz,Math,T909
6d4ae42b-801b-464c-a068-0c710b2e5d9e,Loyal,McKenzie,Chemistry,F207
668331d4-a6dc-40ee-8934-5728be8002e5,Deborah,Bartell,Math,V319
515c15bf-fba8-4bf4-90cd-0c98ed98ee10,Federico,Collins,English,S034
dc0b5f29-a935-4a35-8b02-ee9926fe1b00,Enola,Brekke,Math,T152
0010eac2-38be-45d4-a8fb-051b1b1a16a9,Anya,Lynch,Biology,G721
4de093b7-29a7-40e3-9422-f7b67f0c17e7,Brando,Ferry,Chemistry,W120
d0cc47a6-e286-4119-b018-5aec129f5386,Sherman,Flatley,History,K680
7ca7afbd-9688-4460-99a3-ad9099ee9e2b,Polly,Veum,Biology,Y299
85ca329f-c85b-40fd-9a13-b62f2487d9d2,Paula,King,Chemistry,Z834
7d1b71b3-36f1-419a-ba70-060815a8ae74,Mustafa,Fay,Chemistry,C621
f15f859f-02af-494b-9377-df69a960199b,Charlotte,Champlin,History,Q979
1deb6d34-1d1a-466d-9387-99dbcadecc49,Yessenia,Anderson,Biology,B720
68329e43-8667-4196-a988-36ce6d4f692c,Mazie,Schaden,History,M309
b8aebd1a-7605-4223-948e-2e72c691978b,Lesly,McClure,History,R633
962b1a0d-a9f2-418b-bab0-ac692b8e89ff,Deshawn,Barrows,English,J561
0f828e19-3619-4bd5-8b17-789eacd9f073,Chesley,Connelly,Chemistry,P898
03558aa8-2bbe-465c-a2de-f8b3ddf19fcf,Johan,Sipes,English,F683
443bdb9d-e4ec-4076-9500-722fe690dd62,Roy,Hayes,Biology,X960
51e6c090-d503-4e05-be8a-6cb0cf92c71c,Lillian,Hagenes,History,N051
13cebc79-5b6e-4b4d-84e9-925e5e6c2474,Dexter,Graham,English,E907
b4366bda-a324-4527-bd69-8069860e3d71,Jordan,Hintz,Biology,Y408
d4b69cc8-0c4b-4c1e-802d-2204e2b3885e,Bryon,Strosin,Math,K137
27882fe3-360b-4c89-99bf-089ff18ab89a,Katelyn,Watsica,History,K844
8a699765-fba8-4563-9b45-03449f980c3b,Ignacio,Stokes,Biology,W349
4bb6f462-9156-425c-a212-1223d414eef4,Deondre,Graham,Biology,J604
b4879ada-a16f-42db-8493-ad2bc93ee438,Elton,Hyatt,Geography,Y493
cbc5007d-ee55-44e4-85ec-32b33822da4e,Virgie,Brakus,English,A848
7cef21df-99bf-471e-afd8-aab72256ee2b,Jorge,Kub,Geography,T584
806df860-13d4-4dc1-b977-1c77606f43cc,Nakia,Kulas,History,U619
53bbb617-7eb3-4316-8cea-bfb436c64d77,Brown,Luettgen,Chemistry,J703
ec1166af-2a7a-4b46-b9a4-047a54a04877,Elissa,Goldner,History,J072
222a0c52-efd7-4a04-9904-6cfef3f8ffcf,Estevan,Jerde,History,N984
5249ded5-d44b-488e-9838-367e4a2b67a8,Jaylen,Keebler,History,I547
72725b70-5ba2-4435-9bd8-bbbffecc9389,Georgiana,Miller,History,X279
ea6dc88f-b999-4050-b275-9e92f8c733ea,Molly,Tillman,Biology,D719
3b56cb01-7623-4a2d-a9b7-3729dfca3740,Abdul,Daugherty,Biology,K113
561eab3f-408a-4f8f-beb3-77b4d1cc73eb,Kirstin,Walsh,Geography,T168
02a22559-38d1-47fa-96ac-dd558dfe2b90,Johanna,Lockman,Math,N143
99f88e6a-af66-4ab9-86da-90ae1e2fa093,Brad,Purdy,English,T467
7a320b68-98bc-421a-839c-9121fde3a798,Mikayla,Hodkiewicz,Geography,Q123
1e72d1ee-accc-43f6-a215-81c2394c4e7c,Derick,Dietrich,Biology,G255
0ec423b4-f278-4447-8eca-12e73ec0ab58,Lesley,Shanahan,English,B221
08f98650-3873-4694-898c-9c39a1f34ff4,Clotilde,Goodwin,English,M825
6a64a9b6-5d90-46a1-8f08-db26b9ba3211,Doyle,Turcotte,Geography,Z650
79f99032-59f5-4c59-af1e-8d87ccf180ae,Chanel,Goodwin,Chemistry,F729
357d1c6a-cf51-4edd-b719-e171506d3542,Yvonne,Rath,Biology,X238
a01f4ca7-c866-487f-adf0-b7ca62e1e94c,Meaghan,Runte,Biology,E729
26022f2e-cfa7-48d5-8a73-923c110cca20,Bill,Considine,Chemistry,V280
89cd69d2-03a7-41b8-8a0a-4f363f728c9b,Jorge,Berge,History,M253
286aa3e8-d56a-4e26-8974-13c40f8132a9,Mariano,Hilll,English,A181
694c7824-5428-4fba-95f8-7fc8e5b48ecb,Reid,Cronin,History,N387
05aaf131-f42b-4f1b-a218-4b4e16531964,Edgardo,Rogahn,Chemistry,F553
86c52214-7fd2-49f6-b14d-212ffc1ef84c,Jaylan,Keeling,English,N887
86c08561-20f4-491c-9a55-92cd53eadd58,Frank,Rutherford,Chemistry,A642
7dd8ad51-a9de-4f0a-8d5d-4f70192af4c6,Loyal,Stokes,History,W023
44e7c725-51c6-426c-8861-3c4175b03749,Frederic,Johns,Geography,K553
185f6d1a-a0c5-4476-9739-4bf463e8b3b6,Gonzalo,Harris,History,Q931
b3119b65-0115-4e0d-8927-ba40ac4b83be,Sean,Feil,Math,J835
45f4c656-851c-445e-814a-9171a5160dc0,Parker,Howe,Chemistry,J252
b7a01113-cb95-4c71-b5e4-34f96eaa2c18,Shanon,Jerde,History,C701
68d81d6d-6dde-47b9-9f79-4e04b3ba6086,Belle,Schinner,Biology,O545
e45f06f2-b494-49af-b2a3-e5c66a508f6b,Verlie,Kerluke,Geography,V926
bbd85afc-47ad-47f0-89ec-ec8d609ad5d6,Melody,Wisozk,Math,Z181
3564934c-35e7-4f38-90b2-87a75e65759f,Johnathon,Beahan,English,R809
36852f45-14ce-4c8d-a27f-158ca5728814,Armand,Schuster,Math,L695
a4c2fe35-2d67-4bba-9349-812b95fe9a09,Herman,Nader,English,A717
a9bb487d-0208-48c4-95a0-47569edad1ba,Ella,Bauch,Chemistry,G374
64f3a0f4-37bc-4843-a39b-963d4d1e30bf,Mauricio,Cummerata,Chemistry,S187
e3927a39-6af0-4378-92a3-a29c72d51c52,Santa,Hand,History,X592
8545965f-a475-43ce-bcc0-baffd816621c,Billy,Corwin,History,V258
12176d11-5136-45c6-a0c0-20bf4804fe8f,Eden,Torp,History,B361
